{"_wandb":{"runtime":9},"_step":0,"rf_accuracy":0.9168487496965283,"_timestamp":1.7447960615441203e+09,"_runtime":9.1527212}