{"Accuracy": 0.830293417922284, "Precision": 0.2987951807228916, "Recall": 0.33695652173913043, "F1": 0.3167305236270753, "_wandb": {"runtime": 18}}