{"Precision":0.30154946364719903,"Recall":0.34375,"F1":0.32126984126984126,"_wandb":{"runtime":4},"Accuracy":0.8304520222045996}