{"F1":0.3237221494102228,"_wandb":{"runtime":4},"Accuracy":0.8363203806502776,"Precision":0.31265822784810127,"Recall":0.33559782608695654}