{"Accuracy": 0.8295003965107058, "Precision": 0.2965186074429772, "Recall": 0.33559782608695654, "F1": 0.31485022307202043, "_wandb": {"runtime": 11}}