{"rf_accuracy":0.9156348628307842,"_timestamp":1.7447966301298163e+09,"_runtime":4.4088953,"_wandb":{"runtime":95},"_step":0}