{"Recall":0.3423913043478261,"F1":0.33001571503404925,"_wandb":{"runtime":245},"Acc":0.8377109503870067,"Precision":0.3185035389282103}