{"Accuracy": 0.8264869151467089, "Precision": 0.28841607565011823, "Recall": 0.33152173913043476, "F1": 0.3084702907711757, "_wandb": {"runtime": 17}}