{"Accuracy": 0.8247422680412371, "Precision": 0.2905788876276958, "Recall": 0.34782608695652173, "F1": 0.3166357452071738, "_wandb": {"runtime": 10}}