{"Recall":0.3423913043478261,"F1":0.31999999999999995,"_wandb":{"runtime":4},"Accuracy":0.8301348136399683,"Precision":0.300357568533969}