{"Precision":0.317103620474407,"Recall":0.3451086956521739,"F1":0.33051398828887435,"_wandb":{"runtime":4},"Accuracy":0.8367961934972244}