{"_wandb":{"runtime":8},"rf_accuracy":0.9159990288905074,"_timestamp":1.744796733398963e+09,"_runtime":7.912229,"_step":1,"lr_accuracy":0.9145423646516144}