{"lr_accuracy":0.9107793153678078,"_wandb":{"runtime":3989},"_timestamp":1.7447972244370744e+09,"_runtime":5.6749246,"_step":1,"rf_accuracy":0.9102937606215101}