{"Accuracy": 0.8364789849325932, "Precision": 0.32292917166866747, "Recall": 0.3654891304347826, "F1": 0.3428935627788401, "_wandb": {"runtime": 11}}