{"_wandb":{"runtime":4},"Accuracy":0.8367961934972244,"Precision":0.3138500635324015,"Recall":0.33559782608695654,"F1":0.32435981615233095}