{"Recall":0.3423913043478261,"Acc":0.8377109503870067,"Precision":0.3185035389282103,"_wandb":{"runtime":23},"F1":0.33001571503404925,"confusion_matrix":{"format":"png","width":700,"height":400,"_type":"image-file","sha256":"135a7e4173838a14f033c230b8c96fb43433cd15f4ea5ab82f4700990901730d","size":17188,"path":"media/images/confusion_matrix_0_135a7e4173838a14f033.png"},"_timestamp":1.7463452050660481e+09,"_step":0,"_runtime":23.2248943}