{"Recall":0.328804347826087,"F1":0.3047858942065491,"_wandb":{"runtime":4},"Accuracy":0.8249008723235527,"Precision":0.284037558685446}