{"Acc": 0.7771856363405659, "Precision": 0.3003820439350525, "Recall": 0.683695652173913, "F1": 0.4173855341738553, "ROC-AUC": 0.736618692341805, "confusion_matrix": {"_type": "image-file", "path": "media/images/confusion_matrix_0_5d49363def1b1faba146.png", "sha256": "5d49363def1b1faba1466664f65d255e494e65d0c258da9bff3234e0736b130a", "size": 16472, "format": "png", "width": 700, "height": 400}, "_timestamp": 1746849124, "_runtime": 19, "_step": 0, "_wandb": {"runtime": 21}}