{"Precision":0.29784688995215314,"Recall":0.3383152173913043,"F1":0.31679389312977096,"_wandb":{"runtime":4},"Accuracy":0.8296590007930215}