{"Acc": 0.8350463139195533, "Precision": 0.30885311871227367, "Recall": 0.33369565217391306, "F1": 0.3207941483803553, "confusion_matrix": {"_type": "image-file", "path": "media/images/confusion_matrix_0_db65f51e46575b3e321e.png", "sha256": "db65f51e46575b3e321e9284b65237f2da3e5d32bbcf55b5b0c430b04eb71fba", "size": 17177, "format": "png", "width": 700, "height": 400}, "_timestamp": 1746641086, "_runtime": 284, "_step": 0, "_wandb": {"runtime": 41}}